Workbook

Sheet Solicitud
A1: SOLICITUD DE ASEGURAMIENTO DE MERCANCÍA
A3: Complete únicamente las celdas en azul claro. Envíe este archivo Excel como adjunto, una solicitud por correo.
A5: 1. Solicitante
A6: Solicitante | B6: Jose Raul Perea | G6: Teléfono | H6: 5530050231
A7: Fecha | B7: 46171
A9: 2. Beneficiario del seguro
A10: Nombre | B10: Patrick Perea Navarro
A11: Domicilio | B11: Rancho del Arco 24 interior 101
A13: Contacto | B13: Karla navarro
A15: 3. Mercancía por asegurar
A16: Mercancía asegurada | B16: TV plasma de 65 pulgadas
A18: Estado | B18: usada | D18: Referencia | E18: marca samsung en buen estado
A20: 4. Ruta y transporte
A21: Fecha inicio seguro | B21: 46172 | E21: Medio transporte
A22: Ciudad origen | B22: Taiwan | E22: País origen | F22: China
A23: Ciudad destino | B23: Cdmx | E23: País destino | F23: Mexico
A25: 5. Conceptos por asegurar
A26: Moneda | B26: usd
A27: Valor factura | B27: 200000 | E27: Gastos de fletes | F27: 400
A28: Gastos incrementales | B28: 400 | E28: Seguro contenedor | F28: 4000
A29: Suma asegurada total | B29: =SUM(B27,F27,B28,F28) -> 204800
A31: 6. Datos del consignatario
A32: Nombre | B32: Rafael garca
A33: Domicilio | B33: cerro de los ciruelos 303
A35: Contacto | B35: alabama
A37: 7. Datos del proveedor
A38: Nombre | B38: josera
A39: Domicilio | B39: cerro de tamaulipas
A41: Contacto | B41: 5530050231
A43: 8. Referencias
A44: Terrestre | B44: camion | E44: Talón embarque | F44: 213
A45: Contenedor o caja | B45: contenerdo | E45: B/L marítimo | F45: B
A46: Contenedor marítimo | B46: azul | E46: N° guía aérea | F46: 3432432h
A47: Línea aérea | B47: no
A49: 9. Declaración
A50: sí | B50: Acepto que la información declarada es verídica.

Sheet Datos
A1: solicitante | B1: solicitante_telefono | C1: solicitud_fecha | D1: beneficiario_nombre | E1: beneficiario_domicilio | F1: beneficiario_contacto | G1: mercancia_asegurada | H1: mercancia_estado | I1: mercancia_referencia | J1: fecha_inicio_seguro | K1: origen_ciudad | L1: origen_pais | M1: destino_ciudad | N1: destino_pais | O1: medio_transporte | P1: moneda | Q1: valor_factura | R1: gastos_fletes | S1: gastos_incrementales | T1: seguro_contenedor | U1: suma_asegurada_total | V1: consignatario_nombre | W1: consignatario_domicilio | X1: consignatario_contacto | Y1: proveedor_nombre | Z1: proveedor_domicilio | AA1: proveedor_contacto | AB1: ref_terrestre | AC1: ref_talon_embarque | AD1: ref_contenedor_caja | AE1: ref_maritimo_bl | AF1: ref_maritimo_contenedor | AG1: ref_aereo_guia | AH1: ref_aereo_linea | AI1: acepta_informacion_veridica | AJ1: email | AK1: aseguradora | AL1: tipo_documento
A2: =Solicitud!B6 -> Jose Raul Perea | B2: =Solicitud!H6 -> 5530050231 | C2: =Solicitud!B7 -> 46171 | D2: =Solicitud!B10 -> Patrick Perea Navarro | E2: =Solicitud!B11 -> Rancho del Arco 24 interior 101 | F2: =Solicitud!B13 -> Karla navarro | G2: =Solicitud!B16 -> TV plasma de 65 pulgadas | H2: =Solicitud!B18 -> usada | I2: =Solicitud!E18 -> marca samsung en buen estado | J2: =Solicitud!B21 -> 46172 | K2: =Solicitud!B22 -> Taiwan | L2: =Solicitud!F22 -> China | M2: =Solicitud!B23 -> Cdmx | N2: =Solicitud!F23 -> Mexico | O2: =Solicitud!F21 -> 0 | P2: =Solicitud!B26 -> usd | Q2: =Solicitud!B27 -> 200000 | R2: =Solicitud!F27 -> 400 | S2: =Solicitud!B28 -> 400 | T2: =Solicitud!F28 -> 4000 | U2: =Solicitud!B29 -> 204800 | V2: =Solicitud!B32 -> Rafael garca | W2: =Solicitud!B33 -> cerro de los ciruelos 303 | X2: =Solicitud!B35 -> alabama | Y2: =Solicitud!B38 -> josera | Z2: =Solicitud!B39 -> cerro de tamaulipas | AA2: =Solicitud!B41 -> 5530050231 | AB2: =Solicitud!B44 -> camion | AC2: =Solicitud!F44 -> 213 | AD2: =Solicitud!B45 -> contenerdo | AE2: =Solicitud!F45 -> B | AF2: =Solicitud!B46 -> azul | AG2: =Solicitud!F46 -> 3432432h | AH2: =Solicitud!B47 -> no | AI2: =Solicitud!A50 -> sí | AK2: Seguros Atlas | AL2: Constancia
