Workbook
Name DatosSolicitud: 'Datos'!$A$1:$AN$2

Sheet Solicitud
B3: SOLICITUD DE ASEGURAMIENTO DE MERCANCÍA
B5: Llena las celdas en azul claro; las marcadas en rojo son obligatorias. Envía una solicitud por archivo Excel.
B6: 1. SOLICITANTE
B8: Solicitante | F8: Teléfono | I8: Fecha
B10: 2. BENEFICIARIO DEL SEGURO
B12: Nombre
B13: Domicilio
B14: Contacto
B16: 3. MERCANCÍA POR ASEGURAR
B18: Mercancía asegurada
B19: Estado | E19: Referencia
B21: 4. RUTA Y TRANSPORTE
B23: Fecha inicio seguro | G23: Medio transporte
B24: Ciudad de origen | G24: País origen
B25: Ciudad de destino | G25: País destino
B27: 5. CONCEPTOS POR ASEGURAR
B29: Moneda
B30: Valor factura | G30: Gastos de fletes
B31: Gastos incrementales | G31: Seguro contenedor
B32: Suma asegurada total | D32: =IF(COUNT(D30,I30,D31,I31)=0,"",SUM(D30,I30,D31,I31)) | G32: =IF(AND(ISNUMBER(D32),AND(D29="USD",OR(D32<25,D32>600000))),"Fuera de rango: USD 25 a 600,000",IF(AND(ISNUMBER(D32),AND(D29="PESOS",OR(D32<500,D32>12000000))),"Fuera de rango: MXN 500 a 12,000,000",""))
B34: 6. DATOS DEL CONSIGNATARIO
B36: Nombre
B37: Domicilio
B38: Contacto
B40: 7. DATOS DEL PROVEEDOR
B42: Nombre
B43: Domicilio
B44: Contacto
B46: 8. REFERENCIAS
B48: Terrestre | E48: Marítimo | H48: Aéreo
B49: Talón embarque | E49: B/L | H49: N° Guía
B50: N° Contenedor o caja | E50: Contenedor | H50: Línea aérea
B52: 9. DECLARACIÓN
E54: Acepto que la información declarada es verídica
B56: JG MYLARD S.A. DE C.V. Calle 29 Núm. 69 Col. Valentín Gómez Farías C.P. 15010, Venustiano Carranza, Ciudad de México, México Tel. Of. +52 (55) 8943-1208, +52 (55) 8943-6064 www.jgmylard.com

Sheet Datos
A1: email | B1: aseguradora | C1: tipo_documento | D1: solicitante | E1: solicitante_telefono | F1: solicitud_fecha | G1: beneficiario_nombre | H1: beneficiario_domicilio | I1: beneficiario_contacto | J1: mercancia_estado | K1: mercancia_asegurada | L1: mercancia_referencia | M1: fecha_inicio_seguro | N1: origen_ciudad | O1: origen_pais | P1: destino_ciudad | Q1: destino_pais | R1: medio_transporte | S1: moneda | T1: valor_factura | U1: gastos_fletes | V1: gastos_incrementales | W1: seguro_contenedor | X1: suma_asegurada_total | Y1: consignatario_nombre | Z1: consignatario_domicilio | AA1: consignatario_contacto | AB1: proveedor_nombre | AC1: proveedor_domicilio | AD1: proveedor_contacto | AE1: ref_terrestre | AF1: ref_talon_embarque | AG1: ref_contenedor_caja | AH1: ref_maritimo_bl | AI1: ref_maritimo_contenedor | AJ1: ref_aereo_guia | AK1: ref_aereo_linea | AL1: acepta_informacion_veridica | AM1: ref_maritimo | AN1: ref_aereo
A2: ="" | B2: ="Seguros Atlas" -> Seguros Atlas | C2: ="Constancia" -> Constancia | D2: =Solicitud!C8 -> 0 | E2: =Solicitud!G8 -> 0 | F2: =Solicitud!J8 -> 0 | G2: =Solicitud!C12 -> 0 | H2: =Solicitud!C13 -> 0 | I2: =Solicitud!C14 -> 0 | J2: =Solicitud!D19 -> 0 | K2: =Solicitud!D18 -> 0 | L2: =Solicitud!F19 -> 0 | M2: =Solicitud!D23 -> 0 | N2: =Solicitud!D24 -> 0 | O2: =Solicitud!I24 -> 0 | P2: =Solicitud!D25 -> 0 | Q2: =Solicitud!I25 -> 0 | R2: =Solicitud!I23 -> 0 | S2: =IF(OR(UPPER(Solicitud!D29)="MXN",UPPER(Solicitud!D29)="PESOS"),"pesos",IF(UPPER(Solicitud!D29)="USD","usd",Solicitud!D29)) -> 0 | T2: =Solicitud!D30 -> 0 | U2: =Solicitud!I30 -> 0 | V2: =Solicitud!D31 -> 0 | W2: =Solicitud!I31 -> 0 | X2: =Solicitud!D32 | Y2: =Solicitud!C36 -> 0 | Z2: =Solicitud!C37 -> 0 | AA2: =Solicitud!C38 -> 0 | AB2: =Solicitud!C42 -> 0 | AC2: =Solicitud!C43 -> 0 | AD2: =Solicitud!C44 -> 0 | AE2: =Solicitud!C48 -> 0 | AF2: =Solicitud!D49 -> 0 | AG2: =Solicitud!D50 -> 0 | AH2: =Solicitud!F49 -> 0 | AI2: =Solicitud!F50 -> 0 | AJ2: =Solicitud!I49 -> 0 | AK2: =Solicitud!I50 -> 0 | AL2: =IF(UPPER(Solicitud!D54)="SI","si",IF(UPPER(Solicitud!D54)="SÍ","si","")) | AM2: =Solicitud!F48 -> 0 | AN2: =Solicitud!I48 -> 0
